record_id,redacted_data_json,is_pii
1,"{'customer_id': 'CUST001', 'phone': '98XXXXXX10', 'order_value': 1299}",True
2,"{'name': 'RXXXX KXXX', 'email': 'rXXX@email.com', 'city': 'Mumbai'}",True
3,"{'first_name': 'Priya', 'product': 'iPhone 14', 'category': 'Electronics'}",False
4,"{'aadhar': '1234 XXXX XXXX', 'transaction_type': 'purchase'}",True
5,"{'email': 'sXXX@email.com', 'product_id': 'PROD123'}",False
6,"{'name': 'AXXX SXXXX', 'address': 'XX MG Road, Bangalore, XX', 'ip_address': '192.168.1.XXX'}",True
7,"{'city': 'Delhi', 'pin_code': '110001', 'product_category': 'Fashion'}",False
8,"{'upi_id': 'usXXXX@paytm', 'amount': 500}",True
9,"{'last_name': 'Sharma', 'order_id': 'ORD789456'}",False
10,"{'passport': 'PXXXXXXX', 'booking_reference': 'BK123'}",True
11,"{'device_id': 'DEVXXX', 'app_version': '2.1.4'}",False
12,"{'name': 'SXXXX PXX', 'email': 'sXXX@gmail.com', 'device_id': 'MOBXXX'}",True
13,"{'transaction_id': 'TXN987654', 'amount': 2500, 'status': 'completed'}",False
14,"{'phone': '87XXXXXX09', 'order_date': '2024-01-15'}",True
15,"{'state': 'Maharashtra', 'product_name': 'Laptop Bag'}",False
16,"{'name': 'VXX RXX', 'address': 'XX Brigade Road, Bengaluru, XX', 'email': 'vXX@company.com'}",True
17,"{'first_name': 'Anita', 'last_name_initial': 'K', 'age': 28}",False
18,"{'aadhar': '9876 XXXX XXXX', 'verification_status': 'verified'}",True
19,"{'email': 'cXXXX@service.com', 'query_type': 'refund'}",False
20,"{'upi_id': '91XXXX@ybl', 'merchant': 'Flipkart'}",True
21,"{'product_description': 'Samsung Galaxy S23', 'price': 65000}",False
22,"{'name': 'DXXXX AXXXX', 'phone': '78XXXXXX56', 'email': 'dXXX@email.com'}",True
23,"{'pin_code': '400001', 'delivery_date': '2024-02-10'}",False
24,"{'passport': 'MXXXXXXX', 'travel_date': '2024-03-15'}",True
25,"{'customer_segment': 'Premium', 'loyalty_points': 1500}",False
26,"{'name': 'RXX GXXXX', 'address': 'XX Park Street, Kolkata, XX', 'ip_address': '10.0.0.XXX'}",True
27,"{'order_type': 'Express', 'shipping_method': 'same_day'}",False
29,"{'username': 'techguru', 'last_login': '2024-01-20'}",False
30,"{'aadhar': '4567 XXXX XXXX', 'kyc_status': 'pending'}",True
31,"{'category': 'Books', 'author': 'Chetan Bhagat'}",False
32,"{'name': 'MXXX JXXX', 'email': 'mXX@workplace.com', 'device_type': 'Android'}",True
33,"{'session_id': 'SESS789123', 'duration': '45 minutes'}",False
34,"{'upi_id': 'meXXXX@okaxis', 'payment_method': 'UPI'}",True
35,"{'region': 'North India', 'warehouse_code': 'WH001'}",False
36,"{'name': 'AXXXX MXX', 'address': 'XX Connaught Place, New Delhi, XX', 'phone': '90XXXXXX78'}",True
37,"{'subscription_type': 'Premium', 'renewal_date': '2024-06-15'}",False
38,"{'passport': 'LXXXXXXX', 'country': 'India'}",True
39,"{'first_name': 'Kavya', 'gender': 'Female', 'age_group': '25-35'}",False
40,"{'aadhar': '2345 XXXX XXXX', 'bank_verification': 'success'}",True
41,"{'brand': 'Nike', 'model': 'Air Max', 'size': '9'}",False
42,"{'name': 'SXXXX NXXXX', 'email': 'sXXX@tech.com', 'ip_address': '203.192.1.XXX'}",True
43,"{'currency': 'INR', 'exchange_rate': 83.25}",False
44,"{'phone': '89XXXXXX67', 'notification_preference': 'SMS'}",True
45,"{'product_rating': 4.5, 'review_count': 150}",False
46,"{'upi_id': 'faXXXX@ibl', 'family_size': 4}",True
47,"{'zip_code': '560001', 'delivery_zone': 'Zone_A'}",False
48,"{'name': 'PXXX DXX', 'address': 'XX FC Road, Pune, XX', 'email': 'pXXX@email.in'}",True
49,"{'app_name': 'Flipkart', 'version': '8.21.0'}",False
50,"{'passport': 'KXXXXXXX', 'issue_date': '2020-05-10'}",True
51,"{'last_name': 'Iyer', 'profession': 'Software Engineer'}",False
52,"{'aadhar': '3456 XXXX XXXX', 'address_proof': 'verified'}",True
53,"{'email': 'sXXXX@flipkart.com', 'ticket_id': 'TICK456'}",False
54,"{'name': 'RXXXX KXXX', 'phone': '70XXXXXX89', 'device_id': 'ANDROIDXXX'}",True
55,"{'search_query': 'bluetooth headphones', 'filters': 'price,brand'}",False
57,"{'state_code': 'MH', 'gst_number': '27ABCDE1234F1Z5'}",False
58,"{'name': 'LXX VXX', 'email': 'lXXXX@company.org', 'address': 'XX Anna Salai, Chennai, XX'}",True
60,"{'phone': '93XXXXXX12', 'otp_verification': 'pending'}",True
61,"{'discount_code': 'SAVE20', 'validity': '2024-03-31'}",False
62,"{'passport': 'AXXXXXXX', 'nationality': 'Indian'}",True
63,"{'first_name': 'Rohan', 'wishlist_count': 15}",False
64,"{'aadhar': '5678 XXXX XXXX', 'biometric_status': 'matched'}",True
65,"{'payment_gateway': 'Razorpay', 'transaction_fee': 25}",False
66,"{'name': 'NXX BXXXX', 'address': 'XX Civil Lines, Jaipur, XX', 'ip_address': '122.161.49.XXX'}",True
67,"{'inventory_id': 'INV789', 'stock_level': 50}",False
68,"{'upi_id': 'buXXXX@axisbank', 'merchant_category': 'retail'}",True
69,"{'city': 'Hyderabad', 'weather': 'partly_cloudy'}",False
70,"{'phone': '84XXXXXX23', 'call_preference': 'evening'}",True
71,"{'coupon_code': 'FIRST10', 'usage_count': 1}",False
72,"{'name': 'KXXXX SXXX', 'email': 'kXX@work.com', 'device_type': 'iOS'}",True
73,"{'logistics_partner': 'BlueDart', 'tracking_id': 'BD123456789'}",False
74,"{'passport': 'HXXXXXXX', 'expiry_date': '2030-12-15'}",True
75,"{'age': 32, 'income_bracket': 'middle_class'}",False
77,"{'return_reason': 'size_issue', 'refund_amount': 899}",False
78,"{'name': 'DXXX SXXXX', 'phone': '71XXXXXX90', 'email': 'dXX@personal.com'}",True
79,"{'seller_id': 'SELLER001', 'rating': 4.2}",False
80,"{'upi_id': 'shXXXX@hdfcbank', 'settlement_cycle': 'T+2'}",True
81,"{'recommendation_type': 'collaborative', 'confidence': 0.85}",False
82,"{'name': 'MXX AXXX', 'address': 'XX Mall Road, Shimla, XX', 'email': 'mXXXX@email.com'}",True
83,"{'api_version': 'v2.1', 'response_time': '120ms'}",False
84,"{'phone': '95XXXXXX23', 'language_preference': 'Hindi'}",True
85,"{'last_name': 'Reddy', 'occupation': 'Doctor'}",False
87,"{'affiliate_id': 'AFF789', 'commission_rate': 5}",False
88,"{'aadhar': '7890 XXXX XXXX', 'ekyc_timestamp': '2024-01-15T10:30:00Z'}",True
89,"{'utm_source': 'google', 'campaign': 'winter_sale'}",False
90,"{'name': 'AXX RXXXX', 'email': 'aXXX@university.edu', 'ip_address': '157.49.183.XXX'}",True
91,"{'fraud_score': 0.15, 'risk_level': 'low'}",False
92,"{'upi_id': '78XXXX@ybl', 'bank_name': 'State Bank'}",True
93,"{'search_filter': 'electronics', 'sort_by': 'price_low_to_high'}",False
95,"{'first_name': 'Arun', 'cart_value': 2500}",False
96,"{'name': 'PXXX KXXXX', 'address': 'XX Law Garden, Ahmedabad, XX', 'phone': '67XXXXXX45'}",True
97,"{'machine_learning_model': 'recommendation_v3', 'accuracy': 0.92}",False
98,"{'passport': 'RXXXXXXX', 'place_of_issue': 'Mumbai'}",True
99,"{'city': 'Bangalore', 'traffic_condition': 'moderate'}",False
101,"{'email': 'nXXXX@flipkart.com', 'unsubscribe_rate': 0.02}",False
102,"{'name': 'SXX PXX', 'email': 'sXXXX@office.com', 'device_id': 'TABXXX'}",True
103,"{'performance_metric': 'page_load_time', 'value': '2.1s'}",False
104,"{'upi_id': 'quXXXX@kotak', 'limit_daily': 50000}",True
105,"{'last_name': 'Gupta', 'education': 'MBA'}",False
107,"{'analytics_event': 'product_view', 'timestamp': '2024-01-20T14:22:33Z'}",False
108,"{'name': 'RXX JXXX', 'address': 'XX Residency Road, Mysore, XX', 'email': 'rXXX@workplace.in'}",True
110,"{'passport': 'SXXXXXXX', 'passport_type': 'ordinary'}",True
111,"{'first_name': 'Vivek', 'subscription_status': 'active'}",False
113,"{'a_b_test': 'checkout_flow_v2', 'variant': 'B'}",False
114,"{'name': 'KXX MXXXX', 'phone': '83XXXXXX01', 'email': 'kXXXX@gmail.com'}",True
115,"{'geo_location': 'lat:12.9716,lng:77.5946', 'accuracy': '10m'}",False
116,"{'upi_id': '65XXXX@paytm', 'merchant_type': 'individual'}",True
117,"{'database_query': 'SELECT * FROM products', 'execution_time': '45ms'}",False
118,"{'phone': '98XXXXXX10', 'device_brand': 'Samsung'}",True
119,"{'last_name': 'Singh', 'marital_status': 'married'}",False
120,"{'name': 'AXX PXXX', 'address': 'XX Station Road, Lucknow, XX', 'ip_address': '49.15.183.XXX'}",True
121,"{'content_type': 'application/json', 'encoding': 'utf-8'}",False
123,"{'city': 'Coimbatore', 'pincode': '641001'}",False
125,"{'recommendation_engine': 'neural_cf', 'training_date': '2024-01-01'}",False
126,"{'name': 'GXXXX RXXXX', 'email': 'gXXX@company.com', 'device_type': 'Desktop'}",True
127,"{'webhook_url': 'https://api.example.com/webhook', 'status': 'active'}",False
129,"{'first_name': 'Mohit', 'preferred_language': 'English'}",False
130,"{'phone': '74XXXXXX12', 'carrier': 'Airtel'}",True
131,"{'inventory_turnover': 4.2, 'stock_out_rate': 0.08}",False
132,"{'name': 'SXXXX KXX', 'address': 'XX Sector XX, Noida, XX', 'phone': '80XXXXXX79'}",True
133,"{'service_level': 'premium', 'response_time_sla': '< 1 hour'}",False
134,"{'passport': 'BXXXXXXX', 'emergency_contact': '+91-9876543210'}",True
135,"{'last_name': 'Nair', 'hobby': 'photography'}",False
136,"{'aadhar': '1234 XXXX XXXX', 'photo_verification': 'passed'}",True
137,"{'feature_toggle': 'new_ui', 'rollout_percentage': 25}",False
138,"{'name': 'HXX KXX', 'email': 'hXXXX@tech.org', 'ip_address': '203.88.138.XXX'}",True
139,"{'data_pipeline': 'etl_v2', 'processed_records': 1000000}",False
140,"{'upi_id': '54XXXX@ybl', 'transaction_limit': 100000}",True
141,"{'search_algorithm': 'elasticsearch', 'index_size': '2.5GB'}",False
143,"{'city': 'Kochi', 'state': 'Kerala'}",False
144,"{'name': 'RXX SXXX', 'address': 'XX Park Avenue, Gurgaon, XX', 'email': 'rXXX@company.net'}",True
145,"{'microservice': 'user_service', 'health_status': 'healthy'}",False
146,"{'passport': 'NXXXXXXX', 'pages_remaining': 28}",True
147,"{'first_name': 'Deepak', 'loyalty_tier': 'gold'}",False
149,"{'cdn_cache': 'cloudflare', 'hit_ratio': 0.89}",False
150,"{'name': 'PXXX CXX', 'phone': '78XXXXXX56', 'email': 'pXXXX@personal.in'}",True
151,"{'log_level': 'INFO', 'message': 'Transaction completed successfully'}",False
152,"{'upi_id': 'faXXXX@sbi', 'beneficiary_count': 3}",True
153,"{'machine_id': 'ML789', 'cpu_utilization': 65}",False
155,"{'last_name': 'Mishra', 'department': 'Engineering'}",False
156,"{'name': 'AXXXX BXX', 'address': 'XX Race Course Road, Bangalore, XX', 'ip_address': '117.196.143.XXX'}",True
157,"{'kubernetes_pod': 'api-server-v2', 'replicas': 3}",False
159,"{'city': 'Indore', 'region': 'Central India'}",False
160,"{'aadhar': '3456 XXXX XXXX', 'iris_scan': 'verified'}",True
161,"{'email': 'aXXX@system.com', 'role': 'system_admin'}",False
162,"{'name': 'SXXXX JXXX', 'email': 'sXXXX@workplace.com', 'device_id': 'LAPTOPXXX'}",True
163,"{'ssl_certificate': 'valid', 'expiry': '2024-12-31'}",False
165,"{'first_name': 'Neha', 'age_verification': 'completed'}",False
166,"{'phone': '92XXXXXX90', 'backup_number': '+91-8765432109'}",True
168,"{'name': 'VXXX AXXX', 'address': 'XX Commercial Street, Bangalore, XX', 'phone': '73XXXXXX01'}",True
169,"{'load_balancer': 'nginx', 'upstream_servers': 4}",False
170,"{'passport': 'FXXXXXXX', 'travel_history': 'USA,UAE,UK'}",True
171,"{'last_name': 'Patel', 'blood_group': 'O+'}",False
173,"{'api_rate_limit': 1000, 'current_usage': 245}",False
174,"{'name': 'AXXX VXXX', 'email': 'aXX@office.in', 'ip_address': '59.144.123.XXX'}",True
175,"{'database_connection': 'mysql', 'pool_size': 20}",False
177,"{'city': 'Nagpur', 'timezone': 'Asia/Kolkata'}",False
179,"{'first_name': 'Rakesh', 'credit_score': 750}",False
180,"{'name': 'SXXXX DXXXX', 'address': 'XX Gandhi Nagar, Patna, XX', 'email': 'sXXX@email.org'}",True
181,"{'message_queue': 'rabbitmq', 'queue_depth': 150}",False
183,"{'last_name': 'Yadav', 'experience': '5 years'}",False
185,"{'security_scan': 'passed', 'vulnerabilities_found': 0}",False
186,"{'name': 'RXXXX SXXX', 'phone': '67XXXXXX45', 'email': 'rXXXX@company.com'}",True
187,"{'container_registry': 'docker_hub', 'image_version': 'v1.2.3'}",False
189,"{'city': 'Chandigarh', 'weather_forecast': 'sunny'}",False
191,"{'first_name': 'Manoj', 'vehicle_type': 'sedan'}",False
192,"{'name': 'KXXX RXXXX', 'address': 'XX Jubilee Hills, Hyderabad, XX', 'ip_address': '14.139.56.XXX'}",True
193,"{'elastic_search': 'cluster_healthy', 'nodes': 5}",False
195,"{'last_name': 'Jain', 'dietary_preference': 'vegetarian'}",False
197,"{'prometheus_metric': 'http_requests_total', 'value': 50000}",False
198,"{'name': 'AXXX TXXXX', 'email': 'aXXXX@work.com', 'device_type': 'Mobile'}",True
199,"{'grafana_dashboard': 'system_overview', 'panels': 12}",False
200,"{'upi_id': 'saXXXX@unionbank', 'interest_rate': 3.5}",True
201,"{'city': 'Bhopal', 'air_quality': 'moderate'}",False
202,"{'phone': '90XXXXXX78', 'plan_type': 'postpaid'}",True
203,"{'first_name': 'Shalini', 'favorite_color': 'blue'}",False
204,"{'name': 'RXXX MXXX', 'address': 'XX CP Street, New Delhi, XX', 'phone': '81XXXXXX90'}",True
205,"{'jenkins_build': 'successful', 'build_number': 156}",False
207,"{'last_name': 'Chopra', 'shoe_size': 9}",False
209,"{'terraform_state': 'applied', 'resources': 23}",False
210,"{'name': 'SXX SXXX', 'email': 'sXX@personal.com', 'ip_address': '122.161.85.XXX'}",True
211,"{'ansible_playbook': 'deploy_app', 'tasks': 15}",False
212,"{'upi_id': '21XXXX@ybl', 'kyc_level': 'full'}",True
213,"{'city': 'Vadodara', 'population': 1670000}",False
214,"{'phone': '84XXXXXX12', 'signal_strength': '-65dBm'}",True
215,"{'first_name': 'Gaurav', 't_shirt_size': 'L'}",False
216,"{'name': 'MXXXX DXX', 'address': 'XX Film City, Mumbai, XX', 'email': 'mXXXX@bollywood.com'}",True
217,"{'docker_compose': 'version_3', 'services': 8}",False
218,"{'passport': 'IXXXXXXX', 'blood_type': 'A+'}",True
219,"{'last_name': 'Bansal', 'coffee_preference': 'cappuccino'}",False
221,"{'nagios_check': 'ok', 'last_check': '2024-01-20T15:30:00Z'}",False
222,"{'name': 'NXXX SXX', 'phone': '72XXXXXX90', 'email': 'nXXXX@tech.in'}",True
223,"{'zabbix_host': 'web_server_01', 'status': 'monitored'}",False
227,"{'first_name': 'Pooja', 'pet_name': 'Bruno'}",False
228,"{'name': 'KXX KXXX', 'address': 'XX Residency Road, Mysore, XX', 'ip_address': '203.192.214.XXX'}",True
229,"{'splunk_index': 'main', 'events_per_day': 1000000}",False
231,"{'last_name': 'Agrawal', 'music_preference': 'classical'}",False
233,"{'elk_stack': '7.10.2', 'log_retention': '30_days'}",False
234,"{'name': 'SXX NXXX', 'email': 'sXXX@university.ac.in', 'device_id': 'STUXXX'}",True
235,"{'redis_cache': 'cluster_mode', 'memory_usage': '2.1GB'}",False
239,"{'first_name': 'Arpit', 'gaming_preference': 'FPS'}",False
240,"{'name': 'GXXX PXXXX', 'address': 'XX Law Garden Road, Ahmedabad, XX', 'phone': '68XXXXXX57'}",True
241,"{'memcached': '1.6.9', 'hit_ratio': 0.84}",False
243,"{'last_name': 'Kulkarni', 'sports_preference': 'cricket'}",False
245,"{'fluentd_buffer': 'file', 'buffer_size': '256MB'}",False
246,"{'name': 'TXXXX GXX', 'email': 'tXXX@startup.io', 'ip_address': '49.15.227.XXX'}",True
247,"{'haproxy_backend': 'app_servers', 'active_servers': 6}",False
248,"{'upi_id': '09XXXX@okaxis', 'reward_points': 2500}",True
249,"{'city': 'Agra', 'monument': 'Taj Mahal'}",False
250,"{'phone': '77XXXXXX45', 'data_plan': 'unlimited'}",True
251,"{'first_name': 'Shruti', 'zodiac_sign': 'Leo'}",False
252,"{'name': 'VXX DXXX', 'address': 'XX Linking Road, Mumbai, XX', 'email': 'vXXXX@actor.com'}",True
253,"{'cassandra_cluster': '3_nodes', 'replication_factor': 3}",False
255,"{'last_name': 'Sinha', 'reading_habit': 'fiction'}",False
257,"{'neo4j_database': 'graph_analytics', 'node_count': 50000}",False
258,"{'name': 'RXXXX DXX', 'phone': '98XXXXXX10', 'email': 'rXX@film.in'}",True
259,"{'apache_kafka': '2.8.0', 'topics': 25}",False
263,"{'first_name': 'Tanvi', 'dance_form': 'bharatanatyam'}",False
264,"{'name': 'SXX TXXX', 'address': 'XX Perry Cross Road, Mumbai, XX', 'ip_address': '203.88.142.XXX'}",True
265,"{'airflow_dag': 'data_pipeline', 'schedule_interval': '@daily'}",False
267,"{'last_name': 'Pandey', 'cooking_skill': 'intermediate'}",False
269,"{'spark_cluster': '4_workers', 'memory': '16GB'}",False
270,"{'name': 'AXX BXX', 'email': 'aXX@bollywood.in', 'device_type': 'iPhone'}",True
271,"{'hdfs_replication': 3, 'block_size': '128MB'}",False
272,"{'upi_id': '87XXXX@ybl', 'max_transaction_limit': 200000}",True
275,"{'first_name': 'Yash', 'favorite_cuisine': 'Italian'}",False
276,"{'name': 'DXX PXX', 'address': 'XX Bandra West, Mumbai, XX', 'phone': '89XXXXXX67'}",True
277,"{'mongodb_replica': 'primary', 'oplog_size': '2GB'}",False
279,"{'last_name': 'Gupta', 'travel_frequency': 'frequent'}",False
281,"{'postgresql_version': '13.4', 'extensions': 'postgis,pg_stat_statements'}",False
282,"{'name': 'RXX KXXXX', 'email': 'rXXX@movies.com', 'ip_address': '117.196.148.XXX'}",True
285,"{'city': 'Shimla', 'altitude': '2205m'}",False
287,"{'first_name': 'Ishita', 'language_skills': 'Hindi,English,French'}",False
288,"{'name': 'HXXXX RXX', 'address': 'XX Juhu Beach, Mumbai, XX', 'email': 'hXXXX@superstar.in'}",True
289,"{'vault_secrets': 'encrypted', 'policies': 8}",False
291,"{'last_name': 'Saxena', 'workout_routine': 'yoga'}",False
294,"{'name': 'KXXX KXXX', 'phone': '71XXXXXX90', 'email': 'kXXXX@actress.com'}",True
295,"{'etcd_cluster': 'healthy', 'raft_applied_index': 1000000}",False
297,"{'city': 'Manali', 'skiing_season': 'winter'}",False
299,"{'first_name': 'Naman', 'programming_language': 'Python'}",False
300,"{'name': 'PXX CXXXX', 'address': 'XX Versova, Mumbai, XX', 'ip_address': '59.144.187.XXX'}",True
303,"{'last_name': 'Tiwari', 'meditation_practice': 'mindfulness'}",False
305,"{'linkerd_proxy': 'stable-2.11.1', 'success_rate': 99.9}",False
306,"{'name': 'AXXX KXXXX', 'email': 'aXX@actionhero.in', 'device_id': 'ACTORXXX'}",True
307,"{'opentelemetry': 'enabled', 'traces_per_second': 1000}",False
311,"{'first_name': 'Sneha', 'fitness_goal': 'weight_loss'}",False
312,"{'name': 'SXXX KXXXX', 'address': 'XX Galaxy Apartments, Mumbai, XX', 'phone': '91XXXXXX80'}",True
313,"{'jaeger_tracing': 'distributed', 'spans_collected': 50000}",False
315,"{'last_name': 'Mahajan', 'hobby': 'painting'}",False
317,"{'zipkin_spans': 'sampled', 'sampling_rate': 0.1}",False
318,"{'name': 'AXXXX KXXX', 'email': 'aXXXX@perfectionist.com', 'ip_address': '14.139.67.XXX'}",True
319,"{'flagger_canary': 'progressive', 'success_threshold': 99}",False
323,"{'first_name': 'Rajat', 'investment_portfolio': 'balanced'}",False
324,"{'name': 'SXXXX KXXXX', 'address': 'XX Mannat, Mumbai, XX', 'email': 'sXXX@kingkhan.in'}",True
325,"{'argo_cd': 'v2.4.0', 'applications': 15}",False
327,"{'last_name': 'Verma', 'social_media': 'LinkedIn'}",False
328,"{'order_id': 'ORD123456', 'product_category': 'Electronics', 'status': 'delivered'}",False
329,"{'transaction_id': 'TXN789012', 'payment_method': 'credit_card', 'amount': 15000}",False
330,"{'product_sku': 'SKU456789', 'brand': 'Samsung', 'rating': 4.5}",False
331,"{'campaign_id': 'CAM123', 'click_rate': 0.045, 'conversion': 0.12}",False
332,"{'session_id': 'SESS456', 'page_views': 8, 'bounce_rate': 0.25}",False
333,"{'warehouse_code': 'WH001', 'inventory_level': 150, 'reorder_point': 50}",False
334,"{'coupon_code': 'SAVE20', 'discount_percentage': 20, 'usage_limit': 1000}",False
336,"{'batch_id': 'BATCH123', 'processed_records': 50000, 'error_count': 12}",False
337,"{'log_entry': 'INFO', 'timestamp': '2024-01-20T10:30:00Z', 'module': 'payment_service'}",False
338,"{'metric_name': 'response_time', 'value': 120, 'unit': 'milliseconds'}",False
340,"{'service_name': 'user_service', 'version': 'v2.1.0', 'health_status': 'healthy'}",False
341,"{'database_name': 'primary', 'connection_pool': 20, 'active_connections': 15}",False
342,"{'queue_name': 'order_processing', 'message_count': 245, 'consumers': 3}",False
343,"{'cache_key': 'user_profile_123', 'ttl': 3600, 'hit_ratio': 0.85}",False
346,"{'backup_id': 'BAK123', 'size': '2.5GB', 'verification': 'passed'}",False
347,"{'test_suite': 'integration_tests', 'passed': 145, 'failed': 3}",False
348,"{'build_number': 'BUILD789', 'commit_hash': 'abc123def', 'deployment_time': '2024-01-20T14:25:00Z'}",False
349,"{'region': 'ap-south-1', 'availability_zone': 'ap-south-1a', 'instance_type': 't3.medium'}",False
350,"{'security_scan': 'vulnerability_assessment', 'high_risk': 0, 'medium_risk': 2}",False
351,"{'load_balancer': 'ALB', 'target_groups': 2, 'healthy_targets': 6}",False
352,"{'cdn_provider': 'CloudFront', 'cache_hit_ratio': 0.92, 'origin_requests': 1500}",False
353,"{'ssl_certificate': 'wildcard', 'issuer': ""Let's Encrypt"", 'expiry': '2024-12-31'}",False
354,"{'monitoring_dashboard': 'system_overview', 'widgets': 12, 'refresh_interval': 30}",False
355,"{'compliance_check': 'gdpr', 'status': 'compliant', 'last_audit': '2024-01-01'}",False
356,"{'machine_learning_model': 'recommendation_engine', 'accuracy': 0.89, 'training_data': '1M_samples'}",False
357,"{'data_pipeline': 'etl_daily', 'source': 'mongodb', 'destination': 'data_warehouse'}",False
358,"{'kubernetes_pod': 'api-deployment-abc123', 'cpu_usage': '65%', 'memory_usage': '512MB'}",False
359,"{'docker_image': 'app:v1.2.3', 'size': '150MB', 'layers': 8}",False
361,"{'network_interface': 'eth0', 'bytes_in': 1048576, 'bytes_out': 524288}",False
362,"{'file_system': '/dev/sda1', 'total_space': '100GB', 'free_space': '25GB'}",False
363,"{'process_id': '12345', 'cpu_time': '2.5s', 'memory_usage': '256MB'}",False
364,"{'thread_pool': 'worker_threads', 'active_threads': 8, 'queue_size': 15}",False
365,"{'garbage_collection': 'G1GC', 'pause_time': '10ms', 'frequency': 'every_30s'}",False
366,"{'connection_string': 'postgresql://localhost:5432/app_db', 'max_connections': 100, 'current_connections': 45}",False
367,"{'search_index': 'products_v2', 'document_count': 1000000, 'size': '2.1GB'}",False
368,"{'message_broker': 'RabbitMQ', 'exchange_type': 'topic', 'routing_key': 'order.created'}",False
369,"{'streaming_platform': 'Apache Kafka', 'partition_count': 12, 'replication_factor': 3}",False
370,"{'container_orchestrator': 'Kubernetes', 'namespace': 'production', 'pod_count': 25}",False
371,"{'microservice_architecture': 'event_driven', 'service_count': 15, 'communication': 'async'}",False
372,"{'api_gateway': 'Kong', 'rate_limiting': '1000_rpm', 'authentication': 'JWT'}",False
374,"{'observability_stack': 'ELK', 'log_retention': '30_days', 'alert_rules': 25}",False
375,"{'aadhar': '7890 XXXX XXXX', 'address_verification': 'completed', 'timestamp': '2024-01-20T09:15:00Z'}",True
376,"{'name': 'AXX KXX', 'email': 'aXXXX@film.in', 'address': 'XX Film City Road, Mumbai, XX'}",True
377,"{'phone': '98XXXXXX10', 'carrier_name': 'Airtel', 'plan_type': 'postpaid'}",True
378,"{'upi_id': 'arXXXX@paytm', 'linked_bank': 'HDFC Bank', 'kyc_status': 'verified'}",True
379,"{'passport': 'PXXXXXXX', 'issue_place': 'Mumbai', 'validity': '10_years'}",True
380,"{'name': 'SXXXX GXXX', 'phone': '87XXXXXX09', 'email': 'sXX@personal.in', 'device_type': 'Android'}",True
382,"{'name': 'VXX SXXXX', 'address': 'XX Sector XX, Noida, XX', 'ip_address': '203.88.156.XXX'}",True
384,"{'upi_id': 'viXXXX@okaxis', 'transaction_pin': 'set', 'daily_limit': 100000}",True
385,"{'passport': 'LXXXXXXX', 'photo_updated': '2024-01-15', 'pages_left': 32}",True
386,"{'name': 'MXXXX SXX', 'email': 'mXXX@office.com', 'department': 'HR'}",True
388,"{'name': 'RXXXX SXX', 'address': 'XX Andheri West, Mumbai, XX', 'phone': '89XXXXXX67'}",True
390,"{'upi_id': 'roXXXX@ybl', 'beneficiary_limit': 20, 'recent_transaction': '2024-01-20'}",True
391,"{'passport': 'AXXXXXXX', 'emergency_contact_name': 'Priya Shetty', 'relationship': 'spouse'}",True
392,"{'name': 'KXXX MXX', 'email': 'kXX@actress.in', 'ip_address': '117.196.152.XXX'}",True
393,"{'aadhar': '0123 XXXX XXXX', 'demographic_auth': 'success', 'attempt_count': 1}",True
394,"{'name': 'AXX DXX', 'address': 'XX Juhu Scheme, Mumbai, XX', 'email': 'aXX@action.com'}",True
396,"{'upi_id': 'ajXXXX@icici', 'merchant_payments': 15, 'last_settlement': '2024-01-19'}",True
397,"{'passport': 'HXXXXXXX', 'visa_pages': 8, 'endorsement_pages': 2}",True
398,"{'name': 'TXXXX KXXXX', 'phone': '81XXXXXX89', 'email': 'tXXXX@versatile.in'}",True
400,"{'name': 'NXXX SXXXX', 'address': 'XX Versova Link Road, Mumbai, XX', 'ip_address': '59.144.203.XXX'}",True
403,"{'passport': 'TXXXXXXX', 'chip_technology': 'enabled', 'security_features': 'enhanced'}",True
404,"{'name': 'KXXX SXXX', 'email': 'kXXXX@independent.in', 'device_id': 'IPHONEXXX'}",True
406,"{'name': 'IXX KXXX', 'address': 'XX Hill Road, Mumbai, XX', 'phone': '69XXXXXX78'}",True
407,"{'phone': '95XXXXXX34', 'caller_tune': 'enabled', 'ringback_tone': 'bollywood_classic'}",True
409,"{'passport': 'KXXXXXXX', 'place_of_birth': 'Mumbai', 'spouse_name': 'Sutapa Sikdar'}",True
410,"{'name': 'PXX TXXX', 'email': 'pXX@character.in', 'ip_address': '14.139.78.XXX'}",True
412,"{'name': 'RXX AXXXX', 'address': 'XX Linking Road, Mumbai, XX', 'email': 'rXX@bold.com'}",True
414,"{'upi_id': 'raXXXX@unionbank', 'loan_emi': 'auto_pay', 'next_due': '2024-02-01'}",True
416,"{'name': 'AXX KXXXX', 'phone': '73XXXXXX01', 'email': 'aXXX@versatile.in'}",True
417,"{'aadhar': '4567 XXXX XXXX', 'health_id': 'linked', 'vaccination_status': 'fully_vaccinated'}",True
418,"{'name': 'BXXX PXXXX', 'address': 'XX Khar West, Mumbai, XX', 'ip_address': '122.161.94.XXX'}",True
419,"{'phone': '96XXXXXX34', 'network_type': '4G', 'data_usage': '15GB_monthly'}",True
420,"{'upi_id': 'bhXXXX@kotak', 'savings_goal': 'home_purchase', 'target_amount': 5000000}",True
421,"{'passport': 'SXXXXXXX', 'digital_copy': 'available', 'qr_code': 'generated'}",True
422,"{'name': 'RXXX RXXXX', 'email': 'rXXXX@method.in', 'device_type': 'Samsung'}",True
423,"{'aadhar': '5678 XXXX XXXX', 'aadhaar_pay': 'enabled', 'micro_atm': 'registered'}",True
424,"{'name': 'KXXX SXXX', 'address': 'XX Versova, Mumbai, XX', 'phone': '87XXXXXX45'}",True
426,"{'upi_id': 'krXXXX@yesbank', 'credit_score_check': 'monthly', 'current_score': 785}",True
428,"{'name': 'KXXX AXXX', 'email': 'kXXXX@comedy.in', 'ip_address': '203.192.168.XXX'}",True
429,"{'aadhar': '6789 XXXX XXXX', 'consent_manager': 'registered', 'data_sharing': 'limited'}",True
430,"{'name': 'AXXX PXXX', 'address': 'XX Bandra Bandstand, Mumbai, XX', 'email': 'aXX@gen_z.com'}",True
434,"{'name': 'TXXX SXXXX', 'phone': '89XXXXXX67', 'email': 'tXXX@action.in'}",True
435,"{'aadhar': '7890 XXXX XXXX', 'fitness_tracker': 'linked', 'health_records': 'digital'}",True
436,"{'name': 'DXXXX PXXXX', 'address': 'XX Khar Road, Mumbai, XX', 'ip_address': '117.196.187.XXX'}",True
439,"{'passport': 'DXXXXXXX', 'travel_insurance': 'comprehensive', 'coverage': 'worldwide'}",True
440,"{'name': 'VXXX KXXXX', 'email': 'vXXX@intense.in', 'device_id': 'ONEPLUSXXX'}",True
442,"{'name': 'KXX AXXX', 'address': 'XX Juhu Tara Road, Mumbai, XX', 'phone': '71XXXXXX90'}",True
443,"{'phone': '82XXXXXX90', 'conference_call': 'premium', 'participants_limit': 50}",True
444,"{'upi_id': 'kiXXXX@indianbank', 'jewelry_insurance': 'active', 'premium': 'monthly'}",True
446,"{'name': 'SXX MXXXX', 'email': 'sXXXX@romantic.in', 'ip_address': '59.144.219.XXX'}",True
447,"{'aadhar': '9012 XXXX XXXX', 'property_registration': 'linked', 'stamp_duty': 'paid'}",True
448,"{'name': 'SXXXX KXXX', 'address': 'XX Lokhandwala, Mumbai, XX', 'email': 'sXXXX@melodious.com'}",True
449,"{'phone': '93XXXXXX12', 'music_streaming': 'premium', 'offline_downloads': 500}",True
452,"{'name': 'VXX SXX', 'phone': '84XXXXXX12', 'email': 'vXXXX@comedy.in'}",True
453,"{'aadhar': '0123 XXXX XXXX', 'comedy_club': 'member', 'performance_rights': 'registered'}",True
454,"{'name': 'JXXXX KXX', 'address': 'XX Lokhandwala Complex, Mumbai, XX', 'ip_address': '203.88.194.XXX'}",True
456,"{'upi_id': 'jaXXXX@canara', 'designer_payments': 'frequent', 'luxury_limit': 1000000}",True
458,"{'name': 'AXX RXXX', 'email': 'aXX@intense.in', 'device_type': 'OnePlus'}",True
459,"{'aadhar': '1234 XXXX XXXX', 'medical_college': 'alumni', 'practicing_license': 'valid'}",True
460,"{'name': 'RXXX MXX', 'address': 'XX Banjara Hills, Hyderabad, XX', 'phone': '96XXXXXX34'}",True
461,"{'phone': '68XXXXXX56', 'regional_content': 'Telugu', 'dubbing_preference': 'original'}",True
462,"{'upi_id': 'raXXXX@sbi', 'south_cinema': 'promotions', 'fan_engagement': 'high'}",True
464,"{'name': 'AXXX AXXXX', 'email': 'aXXXX@stylish.in', 'ip_address': '14.139.89.XXX'}",True
465,"{'aadhar': '2345 XXXX XXXX', 'dance_academy': 'owner', 'choreography_rights': 'exclusive'}",True
466,"{'name': 'SXXX AXXXX', 'address': 'XX Film Nagar, Hyderabad, XX', 'email': 'sXX@versatile.in'}",True
467,"{'phone': '89XXXXXX67', 'charity_work': 'active', 'foundation_calls': 'priority'}",True
468,"{'upi_id': 'saXXXX@hdfc', 'donation_auto': 'monthly', 'cause': 'women_empowerment'}",True
470,"{'name': 'RXXXX CXXXX', 'phone': '72XXXXXX90', 'email': 'rXXX@megastar.in'}",True
472,"{'name': 'JXX NXXX', 'address': 'XX Jubilee Hills, Hyderabad, XX', 'ip_address': '122.161.178.XXX'}",True
474,"{'upi_id': 'ntXXXX@andhra', 'political_donations': 'transparent', 'party_fund': 'contributor'}",True
475,"{'passport': 'JXXXXXXX', 'political_visa': 'diplomatic', 'state_visits': 'official'}",True
476,"{'name': 'MXX BXX', 'email': 'mXXXX@superstar.in', 'device_id': 'PRINCEXXX'}",True
477,"{'aadhar': '4567 XXXX XXXX', 'production_house': 'owner', 'film_financing': 'independent'}",True
478,"{'name': 'PXXXX RXX', 'address': 'XX Banjara Hills, Hyderabad, XX', 'phone': '94XXXXXX12'}",True
480,"{'upi_id': 'prXXXX@federal', 'movie_budget': 'international', 'currency': 'multi'}",True
482,"{'name': 'RXXXX DXXXX', 'email': 'rXXX@versatile.in', 'ip_address': '203.192.147.XXX'}",True
484,"{'name': 'AXXX SXXXX', 'address': 'XX Filmnagar, Hyderabad, XX', 'email': 'aXXXX@baahubali.in'}",True
485,"{'phone': '85XXXXXX23', 'fitness_regime': 'strict', 'trainer_calls': 'daily'}",True
486,"{'upi_id': 'anXXXX@karnataka', 'fitness_equipment': 'premium', 'health_monitoring': 'advanced'}",True
487,"{'passport': 'EXXXXXXX', 'fitness_travel': 'wellness', 'spa_treatments': 'international'}",True
488,"{'name': 'TXX BXXXX', 'phone': '97XXXXXX45', 'email': 'tXXX@glamorous.in'}",True
489,"{'aadhar': '6789 XXXX XXXX', 'brand_ambassador': 'multiple', 'endorsement_value': 'premium'}",True
490,"{'name': 'KXXX AXXXX', 'address': 'XX Banjara Hills, Hyderabad, XX', 'ip_address': '117.196.203.XXX'}",True
491,"{'phone': '61XXXXXX89', 'punjabi_connection': 'cultural', 'regional_films': 'multilingual'}",True
492,"{'upi_id': 'kaXXXX@punjab', 'cultural_events': 'sponsor', 'heritage_preservation': 'donor'}",True
493,"{'passport': 'LXXXXXXX', 'cultural_ambassador': 'official', 'international_events': 'participant'}",True
494,"{'name': 'RXXX SXXXX', 'email': 'rXXX@fitness.in', 'device_type': 'iPhone_Pro'}",True
495,"{'aadhar': '7890 XXXX XXXX', 'fitness_influencer': 'certified', 'wellness_brand': 'founder'}",True
496,"{'name': 'PXXXX HXXX', 'address': 'XX Film City, Hyderabad, XX', 'phone': '82XXXXXX90'}",True
497,"{'phone': '78XXXXXX56', 'dance_choreography': 'skilled', 'performance_rights': 'exclusive'}",True
498,"{'upi_id': 'poXXXX@maharashtra', 'dance_academy': 'investment', 'cultural_promotion': 'active'}",True
500,"{'name': 'RXX CXXX', 'email': 'rXX@multilingual.in', 'ip_address': '59.144.238.XXX'}",True
